{
  
  "sortnum": 7,
  "name": "Useful Commands",
  "icon": "supplementaries:hanging_sign_oak",
  "category": "patchouli:getting_started_category",
  "pages": [

    {
      "type": "patchouli:text",
      "text": "There are a lot of commands that can $(l)alter$() the player's $(l)global experience$() in Vault Hunters.$(br2)These commands can be executed $(l)directly$() from $(l)within this book$()."
    },

    {
      "type": "patchouli:relations",
      "title": "Chapters",
      "entries": ["patchouli:useful_commands/difficulty_commands", "patchouli:useful_commands/gamerule_commands", "patchouli:useful_commands/party_commands", "patchouli:useful_commands/research_commands"]
    }

  ]

}
